{
  "twoY": null,
  "tenY": {
    "value": 4.558,
    "prior": 4.59499979019165,
    "prior1d": 4.585999965667725,
    "prior5d": 4.59499979019165,
    "change5d": -0.8052185393050335,
    "pctChange1d": -0.6105531155111548,
    "pctChange5d": -0.8052185393050335,
    "bpsChange1d": -2.799996566772478,
    "bpsChange5d": -3.699979019165056,
    "trend": "falling"
  },
  "thirtyY": {
    "value": 5.064,
    "prior": 5.127999782562256,
    "prior1d": 5.111999988555908,
    "prior5d": 5.127999782562256,
    "change5d": -1.2480457347109652,
    "pctChange1d": -0.9389669143850622,
    "pctChange5d": -1.2480457347109652,
    "bpsChange1d": -4.799998855590815,
    "bpsChange5d": -6.39997825622558,
    "trend": "falling"
  },
  "dxy": {
    "value": 98.969,
    "prior": 98.97000122070312,
    "prior1d": 99.31999969482422,
    "prior5d": 98.97000122070312,
    "change5d": -0.0010116405888469066,
    "pctChange1d": -0.35340283518196186,
    "pctChange5d": -0.0010116405888469066,
    "bpsChange1d": null,
    "bpsChange5d": null,
    "trend": "flat"
  },
  "asOf": "2026-05-25T18:24:01.814Z"
}